type	onset
1	6.7628173828125
1	7.1094970703125
2	7.278839111328125
