type	onset
1	8.610504150390625
1	8.9571533203125
2	9.12652587890625
